timestamp,close
2021-01-01T00:00:00,1887.6
2021-01-03T00:00:00,1944.518
2021-01-04T00:00:00,1943.2
2021-01-05T00:00:00,1940.4
2021-01-06T00:00:00,1932.0
2021-01-07T00:00:00,1920.1
2021-01-08T00:00:00,1862.9
2021-01-10T00:00:00,1856.825
2021-01-11T00:00:00,1847.3
2021-01-12T00:00:00,1841.3
2021-01-13T00:00:00,1858.9
2021-01-14T00:00:00,1841.8
2021-01-15T00:00:00,1839.0
2021-01-17T00:00:00,1840.85
2021-01-18T00:00:00,1833.1
2021-01-19T00:00:00,1834.7
2021-01-20T00:00:00,1856.6
2021-01-21T00:00:00,1862.1
2021-01-22T00:00:00,1852.7
2021-01-24T00:00:00,1867.95
2021-01-25T00:00:00,1856.9
2021-01-26T00:00:00,1856.6
2021-01-27T00:00:00,1843.0
2021-01-28T00:00:00,1853.7
2021-01-29T00:00:00,1863.8
2021-01-31T00:00:00,1871.89
2021-02-01T00:00:00,1863.0
2021-02-02T00:00:00,1833.1
2021-02-03T00:00:00,1835.5
2021-02-04T00:00:00,1785.9
2021-02-05T00:00:00,1803.0
2021-02-07T00:00:00,1839.23
2021-02-08T00:00:00,1835.3
2021-02-09T00:00:00,1839.6
2021-02-10T00:00:00,1842.7
2021-02-11T00:00:00,1840.1
2021-02-12T00:00:00,1816.4
2021-02-14T00:00:00,1827.1
2021-02-15T00:00:00,1817.3
2021-02-16T00:00:00,1794.3
2021-02-17T00:00:00,1780.7
2021-02-18T00:00:00,1773.2
2021-02-19T00:00:00,1786.2
2021-02-21T00:00:00,1812.722
2021-02-22T00:00:00,1807.5
2021-02-23T00:00:00,1799.7
2021-02-24T00:00:00,1788.0
2021-02-25T00:00:00,1779.7
2021-02-26T00:00:00,1742.9
2021-02-28T00:00:00,1759.95
2021-03-01T00:00:00,1734.2
2021-03-02T00:00:00,1723.9
2021-03-03T00:00:00,1711.4
2021-03-04T00:00:00,1712.1
2021-03-05T00:00:00,1696.3
2021-03-07T00:00:00,1714.45
2021-03-08T00:00:00,1687.1
2021-03-09T00:00:00,1716.9
2021-03-10T00:00:00,1716.2
2021-03-11T00:00:00,1724.3
2021-03-12T00:00:00,1704.8
2021-03-14T00:00:00,1734.583
2021-03-15T00:00:00,1723.7
2021-03-16T00:00:00,1735.0
2021-03-17T00:00:00,1729.7
2021-03-18T00:00:00,1725.9
2021-03-19T00:00:00,1735.2
2021-03-21T00:00:00,1747.046
2021-03-22T00:00:00,1736.2
2021-03-23T00:00:00,1726.2
2021-03-24T00:00:00,1730.5
2021-03-25T00:00:00,1737.3
2021-03-26T00:00:00,1731.8
2021-03-28T00:00:00,1733.371
2021-03-29T00:00:00,1706.0
2021-03-30T00:00:00,1684.0
2021-03-31T00:00:00,1691.1
2021-04-01T00:00:00,1760.04
2021-04-02T00:00:00,1726.1
2021-04-04T00:00:00,1733.65
2021-04-05T00:00:00,1726.1
2021-04-06T00:00:00,1744.7
2021-04-07T00:00:00,1738.1
2021-04-08T00:00:00,1755.5
2021-04-09T00:00:00,1741.2
2021-04-11T00:00:00,1745.078
2021-04-12T00:00:00,1732.9
2021-04-13T00:00:00,1748.0
2021-04-14T00:00:00,1735.6
2021-04-15T00:00:00,1757.2
2021-04-16T00:00:00,1774.5
2021-04-18T00:00:00,1790.104
2021-04-19T00:00:00,1774.5
2021-04-20T00:00:00,1777.9
2021-04-21T00:00:00,1798.2
2021-04-22T00:00:00,1787.8
2021-04-23T00:00:00,1781.8
2021-04-25T00:00:00,1783.56
2021-04-26T00:00:00,1773.4
2021-04-27T00:00:00,1784.2
2021-04-28T00:00:00,1772.2
2021-04-29T00:00:00,1762.7
2021-04-30T00:00:00,1767.7
2021-05-01T00:00:00,1850.26
2021-05-02T00:00:00,1798.07
2021-05-03T00:00:00,1767.7
2021-05-04T00:00:00,1797.8
2021-05-05T00:00:00,1782.3
2021-05-06T00:00:00,1813.2
2021-05-07T00:00:00,1836.6
2021-05-09T00:00:00,1845.54
2021-05-10T00:00:00,1840.5
2021-05-11T00:00:00,1829.1
2021-05-12T00:00:00,1830.7
2021-05-13T00:00:00,1821.8
2021-05-14T00:00:00,1838.1
2021-05-16T00:00:00,1868.525
2021-05-17T00:00:00,1853.7
2021-05-18T00:00:00,1866.8
2021-05-19T00:00:00,1888.5
2021-05-20T00:00:00,1878.3
2021-05-21T00:00:00,1875.9
2021-05-23T00:00:00,1887.07
2021-05-24T00:00:00,1880.2
2021-05-25T00:00:00,1887.0
2021-05-26T00:00:00,1899.8
2021-05-27T00:00:00,1891.5
2021-05-28T00:00:00,1900.0
2021-05-30T00:00:00,1910.655
2021-05-31T00:00:00,1900.0
2021-06-01T00:00:00,1899.4
2021-06-02T00:00:00,1902.8
2021-06-03T00:00:00,1866.6
2021-06-04T00:00:00,1890.6
2021-06-06T00:00:00,1900.196
2021-06-07T00:00:00,1888.4
2021-06-08T00:00:00,1893.2
2021-06-09T00:00:00,1894.6
2021-06-10T00:00:00,1888.7
2021-06-11T00:00:00,1881.1
2021-06-13T00:00:00,1878.08
2021-06-14T00:00:00,1865.6
2021-06-15T00:00:00,1865.1
2021-06-16T00:00:00,1860.8
2021-06-17T00:00:00,1778.7
2021-06-18T00:00:00,1773.1
2021-06-20T00:00:00,1786.625
2021-06-21T00:00:00,1775.1
2021-06-22T00:00:00,1775.1
2021-06-23T00:00:00,1791.6
2021-06-24T00:00:00,1784.9
2021-06-25T00:00:00,1786.7
2021-06-27T00:00:00,1785.83
2021-06-28T00:00:00,1780.3
2021-06-29T00:00:00,1755.5
2021-06-30T00:00:00,1763.2
2021-07-01T00:00:00,1807.84
2021-07-02T00:00:00,1786.2
2021-07-04T00:00:00,1794.745
2021-07-05T00:00:00,1791.4
2021-07-06T00:00:00,1809.9
2021-07-07T00:00:00,1804.7
2021-07-08T00:00:00,1807.7
2021-07-09T00:00:00,1806.0
2021-07-11T00:00:00,1810.956
2021-07-12T00:00:00,1792.4
2021-07-13T00:00:00,1813.9
2021-07-14T00:00:00,1823.2
2021-07-15T00:00:00,1823.8
2021-07-16T00:00:00,1824.3
2021-07-18T00:00:00,1817.42
2021-07-19T00:00:00,1814.9
2021-07-20T00:00:00,1823.1
2021-07-21T00:00:00,1802.2
2021-07-22T00:00:00,1799.5
2021-07-23T00:00:00,1799.6
2021-07-25T00:00:00,1811.605
2021-07-26T00:00:00,1800.2
2021-07-27T00:00:00,1800.4
2021-07-28T00:00:00,1796.6
2021-07-29T00:00:00,1829.3
2021-07-30T00:00:00,1825.8
2021-08-01T00:00:00,1785.28
2021-08-02T00:00:00,1811.5
2021-08-03T00:00:00,1812.7
2021-08-04T00:00:00,1829.1
2021-08-05T00:00:00,1800.8
2021-08-06T00:00:00,1762.9
2021-08-08T00:00:00,1764.675
2021-08-09T00:00:00,1738.9
2021-08-10T00:00:00,1723.4
2021-08-11T00:00:00,1743.6
2021-08-12T00:00:00,1747.4
2021-08-13T00:00:00,1773.9
2021-08-15T00:00:00,1789.3
2021-08-16T00:00:00,1786.4
2021-08-17T00:00:00,1789.5
2021-08-18T00:00:00,1783.5
2021-08-19T00:00:00,1782.1
2021-08-20T00:00:00,1779.1
2021-08-22T00:00:00,1806.445
2021-08-23T00:00:00,1802.0
2021-08-24T00:00:00,1808.5
2021-08-25T00:00:00,1788.7
2021-08-26T00:00:00,1786.6
2021-08-27T00:00:00,1798.5
2021-08-29T00:00:00,1823.275
2021-08-30T00:00:00,1798.5
2021-08-31T00:00:00,1814.9
2021-09-01T00:00:00,1811.8
2021-09-02T00:00:00,1812.6
2021-09-03T00:00:00,1823.7
2021-09-05T00:00:00,1830.305
2021-09-06T00:00:00,1821.6
2021-09-07T00:00:00,1802.2
2021-09-08T00:00:00,1786.0
2021-09-09T00:00:00,1788.3
2021-09-10T00:00:00,1794.6
2021-09-12T00:00:00,1798.47
2021-09-13T00:00:00,1793.9
2021-09-14T00:00:00,1792.8
2021-09-15T00:00:00,1797.0
2021-09-16T00:00:00,1748.0
2021-09-17T00:00:00,1756.0
2021-09-19T00:00:00,1767.206
2021-09-20T00:00:00,1757.8
2021-09-21T00:00:00,1774.5
2021-09-22T00:00:00,1773.4
2021-09-23T00:00:00,1750.0
2021-09-24T00:00:00,1746.8
2021-09-26T00:00:00,1760.91
2021-09-27T00:00:00,1755.3
2021-09-28T00:00:00,1733.8
2021-09-29T00:00:00,1737.2
2021-09-30T00:00:00,1742.8
2021-10-01T00:00:00,1776.85
2021-10-03T00:00:00,1770.58
2021-10-04T00:00:00,1754.6
2021-10-05T00:00:00,1753.2
2021-10-06T00:00:00,1759.7
2021-10-07T00:00:00,1762.1
2021-10-08T00:00:00,1773.3
2021-10-10T00:00:00,1761.095
2021-10-11T00:00:00,1757.7
2021-10-12T00:00:00,1767.8
2021-10-13T00:00:00,1785.7
2021-10-14T00:00:00,1798.7
2021-10-15T00:00:00,1772.7
2021-10-17T00:00:00,1772.105
2021-10-18T00:00:00,1767.9
2021-10-19T00:00:00,1779.6
2021-10-20T00:00:00,1778.0
2021-10-21T00:00:00,1779.3
2021-10-22T00:00:00,1808.3
2021-10-24T00:00:00,1810.075
2021-10-25T00:00:00,1805.3
2021-10-26T00:00:00,1785.6
2021-10-27T00:00:00,1795.3
2021-10-28T00:00:00,1803.5
2021-10-29T00:00:00,1769.2
2021-10-31T00:00:00,1795.84
2021-11-01T00:00:00,1821.76
2021-11-02T00:00:00,1790.5
2021-11-03T00:00:00,1763.5
2021-11-04T00:00:00,1796.2
2021-11-05T00:00:00,1801.9
2021-11-07T00:00:00,1826.515
2021-11-08T00:00:00,1822.4
2021-11-09T00:00:00,1827.3
2021-11-10T00:00:00,1859.4
2021-11-11T00:00:00,1857.9
2021-11-12T00:00:00,1860.6
2021-11-14T00:00:00,1870.576
2021-11-15T00:00:00,1859.9
2021-11-16T00:00:00,1859.2
2021-11-17T00:00:00,1864.9
2021-11-18T00:00:00,1860.3
2021-11-19T00:00:00,1861.1
2021-11-21T00:00:00,1849.165
2021-11-22T00:00:00,1816.1
2021-11-23T00:00:00,1789.2
2021-11-24T00:00:00,1782.1
2021-11-25T00:00:00,1788.2
2021-11-26T00:00:00,1800.8
2021-11-28T00:00:00,1799.495
2021-11-29T00:00:00,1786.0
2021-11-30T00:00:00,1804.4
2021-12-01T00:00:00,1790.43
2021-12-02T00:00:00,1765.0
2021-12-03T00:00:00,1767.6
2021-12-05T00:00:00,1787.784
2021-12-06T00:00:00,1778.7
2021-12-07T00:00:00,1781.4
2021-12-08T00:00:00,1783.8
2021-12-09T00:00:00,1776.2
2021-12-10T00:00:00,1779.8
2021-12-12T00:00:00,1791.656
2021-12-13T00:00:00,1787.8
2021-12-14T00:00:00,1776.9
2021-12-15T00:00:00,1768.7
2021-12-16T00:00:00,1795.7
2021-12-17T00:00:00,1807.7
2021-12-19T00:00:00,1804.175
2021-12-20T00:00:00,1796.3
2021-12-21T00:00:00,1793.8
2021-12-22T00:00:00,1792.8
2021-12-23T00:00:00,1805.2
2021-12-24T00:00:00,1805.2
2021-12-26T00:00:00,1813.515
2021-12-27T00:00:00,1805.2
2021-12-28T00:00:00,1805.2
2021-12-29T00:00:00,1794.3
2021-12-30T00:00:00,1805.9
2021-12-31T00:00:00,1805.9
2022-01-01T00:00:00,1816.02
2022-01-02T00:00:00,1831.835
2022-01-03T00:00:00,1805.9
2022-01-04T00:00:00,1811.4
2022-01-05T00:00:00,1826.3
2022-01-06T00:00:00,1789.4
2022-01-07T00:00:00,1792.6
2022-01-09T00:00:00,1802.37
2022-01-10T00:00:00,1794.2
2022-01-11T00:00:00,1806.8
2022-01-12T00:00:00,1821.4
2022-01-13T00:00:00,1820.4
2022-01-14T00:00:00,1823.0
2022-01-16T00:00:00,1823.21
2022-01-17T00:00:00,1817.9
2022-01-18T00:00:00,1817.3
2022-01-19T00:00:00,1827.0
2022-01-20T00:00:00,1845.4
2022-01-21T00:00:00,1837.6
2022-01-23T00:00:00,1844.376
2022-01-24T00:00:00,1831.6
2022-01-25T00:00:00,1847.3
2022-01-26T00:00:00,1836.0
2022-01-27T00:00:00,1806.8
2022-01-28T00:00:00,1788.2
2022-01-30T00:00:00,1799.88
2022-01-31T00:00:00,1795.3
2022-02-01T00:00:00,1856.3
2022-02-02T00:00:00,1803.7
2022-02-03T00:00:00,1792.7
2022-02-04T00:00:00,1804.7
2022-02-06T00:00:00,1823.59
2022-02-07T00:00:00,1813.6
2022-02-08T00:00:00,1822.6
2022-02-09T00:00:00,1827.8
2022-02-10T00:00:00,1835.4
2022-02-11T00:00:00,1831.2
2022-02-13T00:00:00,1874.19
2022-02-14T00:00:00,1866.2
2022-02-15T00:00:00,1848.6
2022-02-16T00:00:00,1862.6
2022-02-17T00:00:00,1893.5
2022-02-18T00:00:00,1893.6
2022-02-20T00:00:00,1908.325
2022-02-21T00:00:00,1894.5
2022-02-22T00:00:00,1900.1
2022-02-23T00:00:00,1904.7
2022-02-24T00:00:00,1936.3
2022-02-25T00:00:00,1884.8
2022-02-27T00:00:00,1927.48
2022-02-28T00:00:00,1909.9
2022-03-01T00:00:00,1947.83
2022-03-02T00:00:00,1928.5
2022-03-03T00:00:00,1929.6
2022-03-04T00:00:00,1945.3
2022-03-06T00:00:00,2002.67
2022-03-07T00:00:00,1981.0
2022-03-08T00:00:00,2039.1
2022-03-09T00:00:00,1988.9
2022-03-10T00:00:00,1996.6
2022-03-11T00:00:00,1978.7
2022-03-13T00:00:00,1988.52
2022-03-14T00:00:00,1954.1
2022-03-15T00:00:00,1913.7
2022-03-16T00:00:00,1913.2
2022-03-17T00:00:00,1949.7
2022-03-18T00:00:00,1935.8
2022-03-20T00:00:00,1941.53
2022-03-21T00:00:00,1935.1
2022-03-22T00:00:00,1915.3
2022-03-23T00:00:00,1931.8
2022-03-24T00:00:00,1965.2
2022-03-25T00:00:00,1953.8
2022-03-27T00:00:00,1958.47
2022-03-28T00:00:00,1937.1
2022-03-29T00:00:00,1910.0
2022-03-30T00:00:00,1933.9
2022-03-31T00:00:00,1942.2
2022-04-01T00:00:00,1936.86
2022-04-03T00:00:00,1936.94
2022-04-04T00:00:00,1930.3
2022-04-05T00:00:00,1944.1
2022-04-06T00:00:00,1930.2
2022-04-07T00:00:00,1932.4
2022-04-08T00:00:00,1941.4
2022-04-10T00:00:00,1970.026
2022-04-11T00:00:00,1951.6
2022-04-12T00:00:00,1960.9
2022-04-13T00:00:00,1976.8
2022-04-14T00:00:00,1963.3
2022-04-15T00:00:00,1963.3
2022-04-17T00:00:00,1998.46
2022-04-18T00:00:00,1963.3
2022-04-19T00:00:00,1964.0
2022-04-20T00:00:00,1949.6
2022-04-21T00:00:00,1943.7
2022-04-22T00:00:00,1941.6
2022-04-24T00:00:00,1934.545
2022-04-25T00:00:00,1895.0
2022-04-26T00:00:00,1904.6
2022-04-27T00:00:00,1885.8
2022-04-28T00:00:00,1888.5
2022-04-29T00:00:00,1911.3
2022-05-01T00:00:00,1848.5
2022-05-02T00:00:00,1911.3
2022-05-03T00:00:00,1869.7
2022-05-04T00:00:00,1863.7
2022-05-05T00:00:00,1892.3
2022-05-06T00:00:00,1882.4
2022-05-08T00:00:00,1885.85
2022-05-09T00:00:00,1860.9
2022-05-10T00:00:00,1857.4
2022-05-11T00:00:00,1852.0
2022-05-12T00:00:00,1837.1
2022-05-13T00:00:00,1811.6
2022-05-15T00:00:00,1826.985
2022-05-16T00:00:00,1809.5
2022-05-17T00:00:00,1825.0
2022-05-18T00:00:00,1810.7
2022-05-19T00:00:00,1844.0
2022-05-20T00:00:00,1834.2
2022-05-22T00:00:00,1865.53
2022-05-23T00:00:00,1856.2
2022-05-24T00:00:00,1867.1
2022-05-25T00:00:00,1847.2
2022-05-26T00:00:00,1848.3
2022-05-27T00:00:00,1851.8
2022-05-29T00:00:00,1864.085
2022-05-30T00:00:00,1855.0
2022-05-31T00:00:00,1838.7
2022-06-01T00:00:00,1844.9
2022-06-02T00:00:00,1844.9
2022-06-03T00:00:00,1844.9
2022-06-05T00:00:00,1857.9
2022-06-06T00:00:00,1847.2
2022-06-07T00:00:00,1849.6
2022-06-08T00:00:00,1853.0
2022-06-09T00:00:00,1844.9
2022-06-10T00:00:00,1830.0
2022-06-12T00:00:00,1879.13
2022-06-13T00:00:00,1830.9
2022-06-14T00:00:00,1818.3
2022-06-15T00:00:00,1823.8
2022-06-16T00:00:00,1826.5
2022-06-17T00:00:00,1841.6
2022-06-19T00:00:00,1846.165
2022-06-20T00:00:00,1836.5
2022-06-21T00:00:00,1840.3
2022-06-22T00:00:00,1841.9
2022-06-23T00:00:00,1841.9
2022-06-24T00:00:00,1825.5
2022-06-26T00:00:00,1841.105
2022-06-27T00:00:00,1826.3
2022-06-28T00:00:00,1819.1
2022-06-29T00:00:00,1817.8
2022-06-30T00:00:00,1817.0
2022-07-01T00:00:00,1797.5
2022-07-03T00:00:00,1814.375
2022-07-04T00:00:00,1808.4
2022-07-05T00:00:00,1772.0
2022-07-06T00:00:00,1754.3
2022-07-07T00:00:00,1748.0
2022-07-08T00:00:00,1738.2
2022-07-10T00:00:00,1744.62
2022-07-11T00:00:00,1740.0
2022-07-12T00:00:00,1730.7
2022-07-13T00:00:00,1724.6
2022-07-14T00:00:00,1700.7
2022-07-15T00:00:00,1706.2
2022-07-17T00:00:00,1723.99
2022-07-18T00:00:00,1719.1
2022-07-19T00:00:00,1713.1
2022-07-20T00:00:00,1709.3
2022-07-21T00:00:00,1705.1
2022-07-22T00:00:00,1737.0
2022-07-24T00:00:00,1736.3
2022-07-25T00:00:00,1718.9
2022-07-26T00:00:00,1720.1
2022-07-27T00:00:00,1714.1
2022-07-28T00:00:00,1753.5
2022-07-29T00:00:00,1753.4
2022-07-31T00:00:00,1775.38
2022-08-01T00:00:00,1772.4
2022-08-02T00:00:00,1779.8
2022-08-03T00:00:00,1761.3
2022-08-04T00:00:00,1783.2
2022-08-05T00:00:00,1773.3
2022-08-07T00:00:00,1790.045
2022-08-08T00:00:00,1784.1
2022-08-09T00:00:00,1795.3
2022-08-10T00:00:00,1795.1
2022-08-11T00:00:00,1796.7
2022-08-12T00:00:00,1792.1
2022-08-14T00:00:00,1802.375
2022-08-15T00:00:00,1776.6
2022-08-16T00:00:00,1774.9
2022-08-17T00:00:00,1767.2
2022-08-18T00:00:00,1765.6
2022-08-19T00:00:00,1750.8
2022-08-21T00:00:00,1749.09
2022-08-22T00:00:00,1733.3
2022-08-23T00:00:00,1746.6
2022-08-24T00:00:00,1745.7
2022-08-25T00:00:00,1753.6
2022-08-26T00:00:00,1751.3
2022-08-28T00:00:00,1745.555
2022-08-29T00:00:00,1751.3
2022-08-30T00:00:00,1730.3
2022-08-31T00:00:00,1715.9
2022-09-01T00:00:00,1694.3
2022-09-02T00:00:00,1712.5
2022-09-04T00:00:00,1715.84
2022-09-05T00:00:00,1711.0
2022-09-06T00:00:00,1702.6
2022-09-07T00:00:00,1702.7
2022-09-08T00:00:00,1709.4
2022-09-09T00:00:00,1713.4
2022-09-11T00:00:00,1735.18
2022-09-12T00:00:00,1726.4
2022-09-13T00:00:00,1704.9
2022-09-14T00:00:00,1703.9
2022-09-15T00:00:00,1689.1
2022-09-16T00:00:00,1664.7
2022-09-18T00:00:00,1680.015
2022-09-19T00:00:00,1664.7
2022-09-20T00:00:00,1664.2
2022-09-21T00:00:00,1671.8
2022-09-22T00:00:00,1671.9
2022-09-23T00:00:00,1643.6
2022-09-25T00:00:00,1649.84
2022-09-26T00:00:00,1643.4
2022-09-27T00:00:00,1634.3
2022-09-28T00:00:00,1652.2
2022-09-29T00:00:00,1654.8
2022-09-30T00:00:00,1671.8
2022-10-01T00:00:00,1664.45
2022-10-02T00:00:00,1701.53
2022-10-03T00:00:00,1668.4
2022-10-04T00:00:00,1714.9
2022-10-05T00:00:00,1700.5
2022-10-06T00:00:00,1714.2
2022-10-07T00:00:00,1696.2
2022-10-09T00:00:00,1699.915
2022-10-10T00:00:00,1676.6
2022-10-11T00:00:00,1664.7
2022-10-12T00:00:00,1670.7
2022-10-13T00:00:00,1648.1
2022-10-14T00:00:00,1649.3
2022-10-16T00:00:00,1668.53
2022-10-17T00:00:00,1664.8
2022-10-18T00:00:00,1653.0
2022-10-19T00:00:00,1631.7
2022-10-20T00:00:00,1635.3
2022-10-21T00:00:00,1643.3
2022-10-23T00:00:00,1670.785
2022-10-24T00:00:00,1649.2
2022-10-25T00:00:00,1659.3
2022-10-26T00:00:00,1666.8
2022-10-27T00:00:00,1659.8
2022-10-28T00:00:00,1648.1
2022-10-30T00:00:00,1645.74
2022-10-31T00:00:00,1639.0
2022-11-01T00:00:00,1725.07
2022-11-02T00:00:00,1649.6
2022-11-03T00:00:00,1628.8
2022-11-04T00:00:00,1674.4
2022-11-06T00:00:00,1681.945
2022-11-07T00:00:00,1679.0
2022-11-08T00:00:00,1678.7
2022-11-09T00:00:00,1715.3
2022-11-10T00:00:00,1744.8
2022-11-11T00:00:00,1759.4
2022-11-13T00:00:00,1775.09
2022-11-14T00:00:00,1768.9
2022-11-15T00:00:00,1771.4
2022-11-16T00:00:00,1773.0
2022-11-17T00:00:00,1758.6
2022-11-18T00:00:00,1751.6
2022-11-20T00:00:00,1753.065
2022-11-21T00:00:00,1740.4
2022-11-22T00:00:00,1743.0
2022-11-23T00:00:00,1740.2
2022-11-24T00:00:00,1755.4
2022-11-25T00:00:00,1751.9
2022-11-27T00:00:00,1763.775
2022-11-28T00:00:00,1746.6
2022-11-29T00:00:00,1752.7
2022-11-30T00:00:00,1753.5
2022-12-01T00:00:00,1803.2
2022-12-02T00:00:00,1784.8
2022-12-04T00:00:00,1810.01
2022-12-05T00:00:00,1776.8
2022-12-06T00:00:00,1773.8
2022-12-07T00:00:00,1782.2
2022-12-08T00:00:00,1790.2
2022-12-09T00:00:00,1796.2
2022-12-11T00:00:00,1797.46
2022-12-12T00:00:00,1786.6
2022-12-13T00:00:00,1823.6
2022-12-14T00:00:00,1808.1
2022-12-15T00:00:00,1783.6
2022-12-16T00:00:00,1792.6
2022-12-18T00:00:00,1798.775
2022-12-19T00:00:00,1790.8
2022-12-20T00:00:00,1813.9
2022-12-21T00:00:00,1817.6
2022-12-22T00:00:00,1800.7
2022-12-23T00:00:00,1800.7
2022-12-26T00:00:00,1800.7
2022-12-27T00:00:00,1800.7
2022-12-28T00:00:00,1803.4
2022-12-29T00:00:00,1813.8
2022-12-30T00:00:00,1813.8
2023-01-01T00:00:00,1897.71
2023-01-02T00:00:00,1813.8
2023-01-03T00:00:00,1843.3
2023-01-04T00:00:00,1857.3
2023-01-05T00:00:00,1834.0
2023-01-06T00:00:00,1852.2
2023-01-08T00:00:00,1881.55
2023-01-09T00:00:00,1878.9
2023-01-10T00:00:00,1878.7
2023-01-11T00:00:00,1872.4
2023-01-12T00:00:00,1882.6
2023-01-13T00:00:00,1907.2
2023-01-15T00:00:00,1929.06
2023-01-16T00:00:00,1917.0
2023-01-17T00:00:00,1913.8
2023-01-18T00:00:00,1920.7
2023-01-19T00:00:00,1918.6
2023-01-20T00:00:00,1924.9
2023-01-22T00:00:00,1935.59
2023-01-23T00:00:00,1914.9
2023-01-24T00:00:00,1920.8
2023-01-25T00:00:00,1930.8
2023-01-26T00:00:00,1932.5
2023-01-27T00:00:00,1923.1
2023-01-29T00:00:00,1934.565
2023-01-30T00:00:00,1924.1
2023-01-31T00:00:00,1923.9
2023-02-01T00:00:00,1925.9
2023-02-02T00:00:00,1921.7
2023-02-03T00:00:00,1875.4
2023-02-05T00:00:00,1881.405
2023-02-06T00:00:00,1873.3
2023-02-07T00:00:00,1870.7
2023-02-08T00:00:00,1872.7
2023-02-09T00:00:00,1879.1
2023-02-10T00:00:00,1859.7
2023-02-12T00:00:00,1866.64
2023-02-13T00:00:00,1856.1
2023-02-14T00:00:00,1863.7
2023-02-15T00:00:00,1831.2
2023-02-16T00:00:00,1829.0
2023-02-17T00:00:00,1834.0
2023-02-19T00:00:00,1847.57
2023-02-20T00:00:00,1845.8
2023-02-21T00:00:00,1836.9
2023-02-22T00:00:00,1835.8
2023-02-23T00:00:00,1826.1
2023-02-24T00:00:00,1811.0
2023-02-26T00:00:00,1820.2
2023-02-27T00:00:00,1818.7
2023-02-28T00:00:00,1824.6
2023-03-01T00:00:00,1912.73
2023-03-02T00:00:00,1836.2
2023-03-03T00:00:00,1841.2
2023-03-05T00:00:00,1858.31
2023-03-06T00:00:00,1849.1
2023-03-07T00:00:00,1826.6
2023-03-08T00:00:00,1816.3
2023-03-09T00:00:00,1831.4
2023-03-10T00:00:00,1861.3
2023-03-12T00:00:00,1914.695
2023-03-13T00:00:00,1911.3
2023-03-14T00:00:00,1907.6
2023-03-15T00:00:00,1923.4
2023-03-16T00:00:00,1922.8
2023-03-17T00:00:00,1962.1
2023-03-19T00:00:00,2009.85
2023-03-20T00:00:00,1969.4
2023-03-21T00:00:00,1952.5
2023-03-22T00:00:00,1949.4
2023-03-23T00:00:00,1978.0
2023-03-24T00:00:00,1993.8
2023-03-26T00:00:00,1978.965
2023-03-27T00:00:00,1946.3
2023-03-28T00:00:00,1962.9
2023-03-29T00:00:00,1965.0
2023-03-30T00:00:00,1965.8
2023-03-31T00:00:00,1979.7
2023-04-01T00:00:00,1999.77
2023-04-02T00:00:00,1990.545
2023-04-03T00:00:00,1983.3
2023-04-04T00:00:00,2009.6
2023-04-05T00:00:00,2030.9
2023-04-06T00:00:00,2001.9
2023-04-07T00:00:00,2001.9
2023-04-09T00:00:00,2007.86
2023-04-10T00:00:00,2001.9
2023-04-11T00:00:00,2002.7
2023-04-12T00:00:00,2008.2
2023-04-13T00:00:00,2048.5
2023-04-14T00:00:00,2019.4
2023-04-16T00:00:00,2015.075
2023-04-17T00:00:00,1995.6
2023-04-18T00:00:00,1999.4
2023-04-19T00:00:00,1990.6
2023-04-20T00:00:00,2007.2
2023-04-21T00:00:00,1973.7
2023-04-23T00:00:00,1990.845
2023-04-24T00:00:00,1978.2
2023-04-25T00:00:00,1987.4
2023-04-26T00:00:00,2003.0
2023-04-27T00:00:00,1985.7
2023-04-28T00:00:00,1982.6
2023-04-30T00:00:00,2006.07
2023-05-01T00:00:00,1992.13
2023-05-02T00:00:00,1995.4
2023-05-03T00:00:00,2014.3
2023-05-04T00:00:00,2044.7
2023-05-05T00:00:00,2001.0
2023-05-07T00:00:00,2029.4
2023-05-08T00:00:00,2001.0
2023-05-09T00:00:00,2030.2
2023-05-10T00:00:00,2037.2
2023-05-11T00:00:00,2016.0
2023-05-12T00:00:00,2019.9
2023-05-14T00:00:00,2022.115
2023-05-15T00:00:00,2019.9
2023-05-16T00:00:00,2007.5
2023-05-17T00:00:00,1974.4
2023-05-18T00:00:00,1960.3
2023-05-19T00:00:00,1961.6
2023-05-21T00:00:00,1982.67
2023-05-22T00:00:00,1970.3
2023-05-23T00:00:00,1969.2
2023-05-24T00:00:00,1969.7
2023-05-25T00:00:00,1948.3
2023-05-26T00:00:00,1947.9
2023-05-28T00:00:00,1949.77
2023-05-29T00:00:00,1947.9
2023-05-30T00:00:00,1952.5
2023-05-31T00:00:00,1964.4
2023-06-01T00:00:00,1974.4
2023-06-02T00:00:00,1963.3
2023-06-04T00:00:00,1964.055
2023-06-05T00:00:00,1959.7
2023-06-06T00:00:00,1957.3
2023-06-07T00:00:00,1967.4
2023-06-08T00:00:00,1966.4
2023-06-09T00:00:00,1960.3
2023-06-11T00:00:00,1967.015
2023-06-12T00:00:00,1952.9
2023-06-13T00:00:00,1954.4
2023-06-14T00:00:00,1955.8
2023-06-15T00:00:00,1952.4
2023-06-16T00:00:00,1959.8
2023-06-18T00:00:00,1958.81
2023-06-19T00:00:00,1951.2
2023-06-20T00:00:00,1930.5
2023-06-21T00:00:00,1925.7
2023-06-22T00:00:00,1920.1
2023-06-23T00:00:00,1930.7
2023-06-25T00:00:00,1933.395
2023-06-26T00:00:00,1922.9
2023-06-27T00:00:00,1918.9
2023-06-28T00:00:00,1908.4
2023-06-29T00:00:00,1899.6
2023-06-30T00:00:00,1912.3
2023-07-01T00:00:00,1951.02
2023-07-02T00:00:00,1931.085
2023-07-03T00:00:00,1928.8
2023-07-04T00:00:00,1927.8
2023-07-05T00:00:00,1924.7
2023-07-06T00:00:00,1908.8
2023-07-07T00:00:00,1922.3
2023-07-09T00:00:00,1928.28
2023-07-10T00:00:00,1922.8
2023-07-11T00:00:00,1934.0
2023-07-12T00:00:00,1953.3
2023-07-13T00:00:00,1958.1
2023-07-14T00:00:00,1953.7
2023-07-16T00:00:00,1959.91
2023-07-17T00:00:00,1949.6
2023-07-18T00:00:00,1975.0
2023-07-19T00:00:00,1975.4
2023-07-20T00:00:00,1976.1
2023-07-21T00:00:00,1960.6
2023-07-23T00:00:00,1967.905
2023-07-24T00:00:00,1960.0
2023-07-25T00:00:00,1958.7
2023-07-26T00:00:00,1966.3
2023-07-27T00:00:00,1945.35
2023-07-28T00:00:00,1954.25
2023-07-30T00:00:00,1972.455
2023-07-31T00:00:00,1970.65
2023-08-01T00:00:00,1947.2
2023-08-02T00:00:00,1944.2
2023-08-03T00:00:00,1935.65
2023-08-04T00:00:00,1942.45
2023-08-06T00:00:00,1946.815
2023-08-07T00:00:00,1931.7
2023-08-08T00:00:00,1926.4
2023-08-09T00:00:00,1922.75
2023-08-10T00:00:00,1920.9
2023-08-11T00:00:00,1915.8
2023-08-13T00:00:00,1916.26
2023-08-14T00:00:00,1903.75
2023-08-15T00:00:00,1903.85
2023-08-16T00:00:00,1904.2
2023-08-17T00:00:00,1896.35
2023-08-18T00:00:00,1893.7
2023-08-20T00:00:00,1898.825
2023-08-21T00:00:00,1889.85
2023-08-22T00:00:00,1892.75
2023-08-23T00:00:00,1916.65
2023-08-24T00:00:00,1917.05
2023-08-25T00:00:00,1915.5
2023-08-27T00:00:00,1926.1
2023-08-28T00:00:00,1938.235
2023-08-29T00:00:00,1930.0
2023-08-30T00:00:00,1947.55
2023-08-31T00:00:00,1942.3
2023-09-01T00:00:00,1940.55
2023-09-03T00:00:00,1946.335
2023-09-04T00:00:00,1937.2
2023-09-05T00:00:00,1926.1
2023-09-06T00:00:00,1922.05
2023-09-07T00:00:00,1918.35
2023-09-08T00:00:00,1927.8
2023-09-10T00:00:00,1930.78
2023-09-11T00:00:00,1924.95
2023-09-12T00:00:00,1908.55
2023-09-13T00:00:00,1913.8
2023-09-14T00:00:00,1901.75
2023-09-15T00:00:00,1927.7
2023-09-17T00:00:00,1934.29
2023-09-18T00:00:00,1923.5
2023-09-19T00:00:00,1934.9
2023-09-20T00:00:00,1943.35
2023-09-21T00:00:00,1915.0
2023-09-22T00:00:00,1927.35
2023-09-24T00:00:00,1927.245
2023-09-25T00:00:00,1924.85
2023-09-26T00:00:00,1907.05
2023-09-27T00:00:00,1887.3
2023-09-28T00:00:00,1873.55
2023-09-29T00:00:00,1870.5
2023-10-01T00:00:00,1916.25
2023-10-02T00:00:00,1833.05
2023-10-03T00:00:00,1822.45
2023-10-04T00:00:00,1818.95
2023-10-05T00:00:00,1819.45
2023-10-06T00:00:00,1819.6
2023-10-08T00:00:00,1863.55
2023-10-09T00:00:00,1845.5
2023-10-10T00:00:00,1857.0
2023-10-11T00:00:00,1871.25
2023-10-12T00:00:00,1874.0
2023-10-13T00:00:00,1909.2
2023-10-15T00:00:00,1932.365
2023-10-16T00:00:00,1918.05
2023-10-17T00:00:00,1928.2
2023-10-18T00:00:00,1955.7
2023-10-19T00:00:00,1953.55
2023-10-20T00:00:00,1988.5
2023-10-22T00:00:00,1982.875
2023-10-23T00:00:00,1973.0
2023-10-24T00:00:00,1963.65
2023-10-25T00:00:00,1983.3
2023-10-26T00:00:00,1975.0
2023-10-27T00:00:00,1982.9
2023-10-29T00:00:00,2006.845
2023-10-30T00:00:00,1997.6
2023-10-31T00:00:00,1996.9
2023-11-01T00:00:00,1986.35
2023-11-02T00:00:00,1983.6
2023-11-03T00:00:00,1994.45
2023-11-05T00:00:00,1993.145
2023-11-06T00:00:00,1984.6
2023-11-07T00:00:00,1960.7
2023-11-08T00:00:00,1959.35
2023-11-09T00:00:00,1957.45
2023-11-10T00:00:00,1941.65
2023-11-12T00:00:00,1949.21
2023-11-13T00:00:00,1931.15
2023-11-14T00:00:00,1969.05
2023-11-15T00:00:00,1958.2
2023-11-16T00:00:00,1980.1
2023-11-17T00:00:00,1981.05
2023-11-19T00:00:00,1985.25
2023-11-20T00:00:00,1968.7
2023-11-21T00:00:00,2006.6
2023-11-22T00:00:00,1997.55
2023-11-23T00:00:00,1992.85
2023-11-24T00:00:00,2000.85
2023-11-26T00:00:00,2018.325
2023-11-27T00:00:00,2013.7
2023-11-28T00:00:00,2025.65
2023-11-29T00:00:00,2046.95
2023-11-30T00:00:00,2035.45
2023-12-01T00:00:00,2045.4
2023-12-03T00:00:00,2148.99
2023-12-04T00:00:00,2049.05
2023-12-05T00:00:00,2023.35
2023-12-06T00:00:00,2026.4
2023-12-07T00:00:00,2026.9
2023-12-08T00:00:00,2008.1
2023-12-10T00:00:00,2007.85
2023-12-11T00:00:00,1986.65
2023-12-12T00:00:00,1980.85
2023-12-13T00:00:00,1982.5
2023-12-14T00:00:00,2046.1
2023-12-15T00:00:00,2032.3
2023-12-17T00:00:00,2033.75
2023-12-18T00:00:00,2023.95
2023-12-19T00:00:00,2041.35
2023-12-20T00:00:00,2035.55
2023-12-21T00:00:00,2041.7
2023-12-25T00:00:00,2069.085
2023-12-26T00:00:00,2084.495
2023-12-27T00:00:00,2069.4
2023-12-28T00:00:00,2078.4
2024-01-01T00:00:00,2034.04
2024-01-02T00:00:00,2067.55
2024-01-03T00:00:00,2042.1
2024-01-04T00:00:00,2039.55
2024-01-05T00:00:00,2056.35
2024-01-07T00:00:00,2046.685
2024-01-08T00:00:00,2025.1
2024-01-09T00:00:00,2034.9
2024-01-10T00:00:00,2026.8
2024-01-11T00:00:00,2029.15
2024-01-12T00:00:00,2055.65
2024-01-14T00:00:00,2058.67
2024-01-15T00:00:00,2049.9
2024-01-16T00:00:00,2038.15
2024-01-17T00:00:00,2011.75
2024-01-18T00:00:00,2013.2
2024-01-19T00:00:00,2028.55
2024-01-21T00:00:00,2032.175
2024-01-22T00:00:00,2021.6
2024-01-23T00:00:00,2022.95
2024-01-24T00:00:00,2024.65
2024-01-25T00:00:00,2023.75
2024-01-26T00:00:00,2018.45
2024-01-28T00:00:00,2037.61
2024-01-29T00:00:00,2022.5
2024-01-30T00:00:00,2043.05
2024-01-31T00:00:00,2053.25
2024-02-01T00:00:00,2045.85
2024-02-02T00:00:00,2034.15
2024-02-04T00:00:00,2042.315
2024-02-05T00:00:00,2018.0
2024-02-06T00:00:00,2030.8
2024-02-07T00:00:00,2041.6
2024-02-08T00:00:00,2028.65
2024-02-09T00:00:00,2023.5
2024-02-11T00:00:00,2027.665
2024-02-12T00:00:00,2015.2
2024-02-13T00:00:00,1996.1
2024-02-14T00:00:00,1985.1
2024-02-15T00:00:00,2004.05
2024-02-16T00:00:00,1997.9
2024-02-18T00:00:00,2023.07
2024-02-19T00:00:00,2017.05
2024-02-20T00:00:00,2029.1
2024-02-21T00:00:00,2026.75
2024-02-22T00:00:00,2024.0
2024-02-23T00:00:00,2027.45
2024-02-25T00:00:00,2037.13
2024-02-26T00:00:00,2027.2
2024-02-27T00:00:00,2035.05
2024-02-28T00:00:00,2032.45
2024-02-29T00:00:00,2048.05
2024-03-01T00:00:00,2158.01
2024-03-03T00:00:00,2119.975
2024-03-04T00:00:00,2098.05
2024-03-05T00:00:00,2134.4
2024-03-06T00:00:00,2142.85
2024-03-07T00:00:00,2153.45
2024-03-08T00:00:00,2171.2
2024-03-10T00:00:00,2189.125
2024-03-11T00:00:00,2180.45
2024-03-12T00:00:00,2161.25
2024-03-13T00:00:00,2168.4
2024-03-14T00:00:00,2160.8
2024-03-15T00:00:00,2163.45
2024-03-17T00:00:00,2163.63
2024-03-18T00:00:00,2158.15
2024-03-19T00:00:00,2154.9
2024-03-20T00:00:00,2157.45
2024-03-21T00:00:00,2170.5
2024-03-22T00:00:00,2171.6
2024-03-24T00:00:00,2181.41
2024-03-25T00:00:00,2176.7
2024-03-26T00:00:00,2179.8
2024-03-27T00:00:00,2192.7
2024-03-28T00:00:00,2214.35
2024-03-31T00:00:00,2265.775
2024-04-01T00:00:00,2331.45
2024-04-02T00:00:00,2264.5
2024-04-03T00:00:00,2280.15
2024-04-04T00:00:00,2293.5
2024-04-05T00:00:00,2298.55
2024-04-07T00:00:00,2354.155
2024-04-08T00:00:00,2320.25
2024-04-09T00:00:00,2356.1
2024-04-10T00:00:00,2333.0
2024-04-11T00:00:00,2345.65
2024-04-12T00:00:00,2401.5
2024-04-14T00:00:00,2387.645
2024-04-15T00:00:00,2344.2
2024-04-16T00:00:00,2369.15
2024-04-17T00:00:00,2390.35
2024-04-18T00:00:00,2382.7
2024-04-19T00:00:00,2379.7
2024-04-21T00:00:00,2392.07
2024-04-22T00:00:00,2334.95
2024-04-23T00:00:00,2328.45
2024-04-24T00:00:00,2320.25
2024-04-25T00:00:00,2318.7
2024-04-26T00:00:00,2343.1
2024-04-28T00:00:00,2346.83
2024-04-29T00:00:00,2333.55
2024-04-30T00:00:00,2307.0
2024-05-01T00:00:00,2351.13
2024-05-02T00:00:00,2288.85
2024-05-03T00:00:00,2294.45
2024-05-05T00:00:00,2332.225
2024-05-06T00:00:00,2329.98
2024-05-07T00:00:00,2319.6
2024-05-08T00:00:00,2309.05
2024-05-09T00:00:00,2325.7
2024-05-10T00:00:00,2372.45
2024-05-12T00:00:00,2364.555
2024-05-13T00:00:00,2343.8
2024-05-14T00:00:00,2354.85
2024-05-15T00:00:00,2357.5
2024-05-16T00:00:00,2377.4
2024-05-17T00:00:00,2402.6
2024-05-19T00:00:00,2450.125
2024-05-20T00:00:00,2420.3
2024-05-21T00:00:00,2427.3
2024-05-22T00:00:00,2407.9
2024-05-23T00:00:00,2357.35
2024-05-24T00:00:00,2342.7
2024-05-26T00:00:00,2358.565
2024-05-27T00:00:00,2364.175
2024-05-28T00:00:00,2350.65
2024-05-29T00:00:00,2343.35
2024-05-30T00:00:00,2348.55
2024-05-31T00:00:00,2348.25
2024-06-01T00:00:00,2326.44
2024-06-02T00:00:00,2354.77
2024-06-03T00:00:00,2337.7
2024-06-04T00:00:00,2326.0
2024-06-05T00:00:00,2340.05
2024-06-06T00:00:00,2360.6
2024-06-07T00:00:00,2310.8
2024-06-09T00:00:00,2313.865
2024-06-10T00:00:00,2304.4
2024-06-11T00:00:00,2316.5
2024-06-12T00:00:00,2326.25
2024-06-13T00:00:00,2310.8
2024-06-14T00:00:00,2330.45
2024-06-16T00:00:00,2332.645
2024-06-17T00:00:00,2319.9
2024-06-18T00:00:00,2324.35
2024-06-19T00:00:00,2324.25
2024-06-20T00:00:00,2351.6
2024-06-21T00:00:00,2335.05
2024-06-23T00:00:00,2334.73
2024-06-24T00:00:00,2328.75
2024-06-25T00:00:00,2325.05
2024-06-26T00:00:00,2299.65
2024-06-27T00:00:00,2323.6
2024-06-28T00:00:00,2330.9
2024-06-30T00:00:00,2338.545
2024-07-01T00:00:00,2398.2
2024-07-02T00:00:00,2331.75
2024-07-03T00:00:00,2361.35
2024-07-04T00:00:00,2358.65
2024-07-05T00:00:00,2379.05
2024-07-07T00:00:00,2391.13
2024-07-08T00:00:00,2376.65
2024-07-09T00:00:00,2367.9
2024-07-10T00:00:00,2384.35
2024-07-11T00:00:00,2409.2
2024-07-12T00:00:00,2406.85
2024-07-14T00:00:00,2439.855
2024-07-15T00:00:00,2421.25
2024-07-16T00:00:00,2443.2
2024-07-17T00:00:00,2480.25
2024-07-18T00:00:00,2463.8
2024-07-19T00:00:00,2403.5
2024-07-21T00:00:00,2412.255
2024-07-22T00:00:00,2392.7
2024-07-23T00:00:00,2403.1
2024-07-24T00:00:00,2421.45
2024-07-25T00:00:00,2364.2
2024-07-26T00:00:00,2386.1
2024-07-28T00:00:00,2403.265
2024-07-29T00:00:00,2391.1
2024-07-30T00:00:00,2390.25
2024-07-31T00:00:00,2426.3
2024-08-01T00:00:00,2470.15
2024-08-02T00:00:00,2469.85
2024-08-04T00:00:00,2458.875
2024-08-05T00:00:00,2393.85
2024-08-06T00:00:00,2396.55
2024-08-07T00:00:00,2400.45
2024-08-08T00:00:00,2411.45
2024-08-09T00:00:00,2427.35
2024-08-11T00:00:00,2473.225
2024-08-12T00:00:00,2450.85
2024-08-13T00:00:00,2471.55
2024-08-14T00:00:00,2456.7
2024-08-15T00:00:00,2446.65
2024-08-16T00:00:00,2485.8
2024-08-18T00:00:00,2507.535
2024-08-19T00:00:00,2494.55
2024-08-20T00:00:00,2529.75
2024-08-21T00:00:00,2497.95
2024-08-22T00:00:00,2483.0
2024-08-23T00:00:00,2511.2
2024-08-25T00:00:00,2526.9
2024-08-26T00:00:00,2526.01
2024-08-27T00:00:00,2508.55
2024-08-28T00:00:00,2505.25
2024-08-29T00:00:00,2518.1
2024-08-30T00:00:00,2513.35
2024-09-01T00:00:00,2570.55
2024-09-02T00:00:00,2498.6
2024-09-03T00:00:00,2479.8
2024-09-04T00:00:00,2487.95
2024-09-05T00:00:00,2509.55
2024-09-06T00:00:00,2506.15
2024-09-08T00:00:00,2507.265
2024-09-09T00:00:00,2499.7
2024-09-10T00:00:00,2506.3
2024-09-11T00:00:00,2507.75
2024-09-12T00:00:00,2545.95
2024-09-13T00:00:00,2575.1
2024-09-15T00:00:00,2589.715
2024-09-16T00:00:00,2584.0
2024-09-17T00:00:00,2574.55
2024-09-18T00:00:00,2570.1
2024-09-19T00:00:00,2575.35
2024-09-20T00:00:00,2605.85
2024-09-22T00:00:00,2634.905
2024-09-23T00:00:00,2629.95
2024-09-24T00:00:00,2635.95
2024-09-25T00:00:00,2661.45
2024-09-26T00:00:00,2663.75
2024-09-27T00:00:00,2661.85
2024-09-29T00:00:00,2666.05
2024-09-30T00:00:00,2629.95
2024-10-01T00:00:00,2690.08
2024-10-02T00:00:00,2660.95
2024-10-03T00:00:00,2647.65
2024-10-04T00:00:00,2650.05
2024-10-06T00:00:00,2659.66
2024-10-07T00:00:00,2640.95
2024-10-08T00:00:00,2639.9
2024-10-09T00:00:00,2610.7
2024-10-10T00:00:00,2628.95
2024-10-11T00:00:00,2648.8
2024-10-13T00:00:00,2666.875
2024-10-14T00:00:00,2654.9
2024-10-15T00:00:00,2649.05
2024-10-16T00:00:00,2675.25
2024-10-17T00:00:00,2688.85
2024-10-18T00:00:00,2712.5
2024-10-20T00:00:00,2740.6
2024-10-21T00:00:00,2736.45
2024-10-22T00:00:00,2736.5
2024-10-23T00:00:00,2736.45
2024-10-24T00:00:00,2732.0
2024-10-25T00:00:00,2731.45
2024-10-27T00:00:00,2746.01
2024-10-28T00:00:00,2741.8
2024-10-29T00:00:00,2769.15
2024-10-30T00:00:00,2777.8
2024-10-31T00:00:00,2734.15
2024-11-01T00:00:00,2744.3
2024-11-03T00:00:00,2748.24
2024-11-04T00:00:00,2742.6
2024-11-05T00:00:00,2742.55
2024-11-06T00:00:00,2660.2
2024-11-07T00:00:00,2692.0
2024-11-08T00:00:00,2691.15
2024-11-10T00:00:00,2686.165
2024-11-11T00:00:00,2624.75
2024-11-12T00:00:00,2606.85
2024-11-13T00:00:00,2598.75
2024-11-14T00:00:00,2567.3
2024-11-15T00:00:00,2571.8
2024-11-17T00:00:00,2615.145
2024-11-18T00:00:00,2606.85
2024-11-19T00:00:00,2623.2
2024-11-20T00:00:00,2640.55
2024-11-21T00:00:00,2665.3
2024-11-22T00:00:00,2694.95
2024-11-24T00:00:00,2721.42
2024-11-25T00:00:00,2635.4
2024-11-26T00:00:00,2622.1
2024-11-27T00:00:00,2640.85
2024-11-28T00:00:00,2641.85
2024-11-29T00:00:00,2651.05
2024-12-01T00:00:00,2648.01
2024-12-02T00:00:00,2642.15
2024-12-03T00:00:00,2640.65
2024-12-04T00:00:00,2648.65
2024-12-05T00:00:00,2640.15
2024-12-06T00:00:00,2637.3
2024-12-08T00:00:00,2676.48
2024-12-09T00:00:00,2671.9
2024-12-10T00:00:00,2689.6
2024-12-11T00:00:00,2705.45
2024-12-12T00:00:00,2684.35
2024-12-13T00:00:00,2659.05
2024-12-15T00:00:00,2664.475
2024-12-16T00:00:00,2654.2
2024-12-17T00:00:00,2636.35
2024-12-18T00:00:00,2635.65
2024-12-19T00:00:00,2592.45
2024-12-20T00:00:00,2616.45
2024-12-22T00:00:00,2633.39
2024-12-23T00:00:00,2613.8
2024-12-25T00:00:00,2639.175
2024-12-26T00:00:00,2638.3
2024-12-27T00:00:00,2615.95
2024-12-29T00:00:00,2628.095
2024-12-30T00:00:00,2609.1
2025-01-01T00:00:00,2709.69
2025-01-02T00:00:00,2646.3
2025-01-03T00:00:00,2646.8
2025-01-05T00:00:00,2649.52
2025-01-06T00:00:00,2633.35
2025-01-07T00:00:00,2650.85
2025-01-08T00:00:00,2659.65
2025-01-09T00:00:00,2674.6
2025-01-10T00:00:00,2687.45
2025-01-12T00:00:00,2693.555
2025-01-13T00:00:00,2669.5
2025-01-14T00:00:00,2667.0
2025-01-15T00:00:00,2677.7
2025-01-16T00:00:00,2716.5
2025-01-17T00:00:00,2715.2
2025-01-19T00:00:00,2713.885
2025-01-20T00:00:00,2713.84
2025-01-21T00:00:00,2746.04
2025-01-22T00:00:00,2763.39
2025-01-23T00:00:00,2758.94
2025-01-24T00:00:00,2785.98
2025-01-26T00:00:00,2772.745
2025-01-27T00:00:00,2772.6
2025-01-28T00:00:00,2765.14
2025-01-29T00:00:00,2766.3
2025-01-30T00:00:00,2798.55
2025-01-31T00:00:00,2817.21
2025-02-01T00:00:00,2894.73
2025-02-02T00:00:00,2830.755
2025-02-03T00:00:00,2830.57
2025-02-04T00:00:00,2845.48
2025-02-05T00:00:00,2882.39
2025-02-06T00:00:00,2873.3
2025-02-07T00:00:00,2886.83
2025-02-09T00:00:00,2911.965
2025-02-10T00:00:00,2921.56
2025-02-11T00:00:00,2942.71
2025-02-12T00:00:00,2909.19
2025-02-13T00:00:00,2932.28
2025-02-14T00:00:00,2940.02
2025-02-16T00:00:00,2906.525
2025-02-17T00:00:00,2906.44
2025-02-18T00:00:00,2936.97
2025-02-19T00:00:00,2946.99
2025-02-20T00:00:00,2954.944
2025-02-21T00:00:00,2949.81
2025-02-23T00:00:00,2956.31
2025-02-24T00:00:00,2956.15
2025-02-25T00:00:00,2952.62
2025-02-26T00:00:00,2930.106
2025-02-27T00:00:00,2919.206
2025-02-28T00:00:00,2885.13
2025-03-01T00:00:00,2983.25
2025-03-02T00:00:00,2895.21
2025-03-03T00:00:00,2895.27
2025-03-04T00:00:00,2927.76
2025-03-05T00:00:00,2929.87
2025-03-06T00:00:00,2926.6
2025-03-07T00:00:00,2931.15
2025-03-09T00:00:00,2918.385
2025-03-10T00:00:00,2918.32
2025-03-11T00:00:00,2922.22
2025-03-12T00:00:00,2940.5
2025-03-13T00:00:00,2989.93
2025-03-14T00:00:00,3004.94
2025-03-16T00:00:00,3001.975
2025-03-17T00:00:00,3002.9
2025-03-18T00:00:00,3038.31
2025-03-19T00:00:00,3052.1
2025-03-20T00:00:00,3057.51
2025-03-21T00:00:00,3047.51
2025-03-23T00:00:00,3033.34
2025-03-24T00:00:00,3033.32
2025-03-25T00:00:00,3036.11
2025-03-26T00:00:00,3032.09
2025-03-27T00:00:00,3059.77
2025-03-28T00:00:00,3086.9
2025-03-30T00:00:00,3128.135
2025-03-31T00:00:00,3127.915
2025-04-01T00:00:00,3217.64
2025-04-02T00:00:00,3167.74
2025-04-03T00:00:00,3164.87
2025-04-04T00:00:00,3136.83
2025-04-06T00:00:00,3057.305
2025-04-07T00:00:00,3055.7
2025-04-08T00:00:00,3022.696
2025-04-09T00:00:00,3099.72
2025-04-10T00:00:00,3191.48
2025-04-11T00:00:00,3245.45
2025-04-13T00:00:00,3245.845
2025-04-14T00:00:00,3245.73
2025-04-15T00:00:00,3251.83
2025-04-16T00:00:00,3357.92
2025-04-17T00:00:00,3356.23
2025-04-20T00:00:00,3430.61
2025-04-21T00:00:00,3500.2
2025-04-22T00:00:00,3500.12
2025-04-23T00:00:00,3386.64
2025-04-24T00:00:00,3370.793
2025-04-25T00:00:00,3363.1
2025-04-27T00:00:00,3353.2
2025-04-28T00:00:00,3353.04
2025-04-29T00:00:00,3340.08
2025-04-30T00:00:00,3328.03
2025-05-01T00:00:00,3276.35
2025-05-02T00:00:00,3269.27
2025-05-04T00:00:00,3337.67
2025-05-05T00:00:00,3435.055
2025-05-06T00:00:00,3438.775
2025-05-07T00:00:00,3401.54
2025-05-08T00:00:00,3414.706
2025-05-09T00:00:00,3347.59
2025-05-11T00:00:00,3325.39
2025-05-12T00:00:00,3289.98
2025-05-13T00:00:00,3265.51
2025-05-14T00:00:00,3254.62
2025-05-15T00:00:00,3252.05
2025-05-16T00:00:00,3244.55
2025-05-18T00:00:00,3249.85
2025-05-19T00:00:00,3249.83
2025-05-20T00:00:00,3304.12
2025-05-21T00:00:00,3324.91
2025-05-22T00:00:00,3345.4
2025-05-23T00:00:00,3365.93
2025-05-24T00:00:00,3358.12
2025-05-25T00:00:00,3358.12
2025-05-26T00:00:00,3356.83
2025-05-27T00:00:00,3350.03
2025-05-28T00:00:00,3325.51
2025-05-29T00:00:00,3331.11
2025-05-30T00:00:00,3322.7
2025-05-31T00:00:00,3289.7
2025-06-01T00:00:00,3316.69
2025-06-02T00:00:00,3392.1
2025-06-03T00:00:00,3388.64
2025-06-04T00:00:00,3384.72
2025-06-05T00:00:00,3403.44
2025-06-06T00:00:00,3375.64
2025-06-07T00:00:00,3309.98
2025-06-08T00:00:00,3321.13
2025-06-09T00:00:00,3338.2
2025-06-10T00:00:00,3349.17
2025-06-11T00:00:00,3373.46
2025-06-12T00:00:00,3398.98
2025-06-13T00:00:00,3446.79
2025-06-14T00:00:00,3433.35
2025-06-15T00:00:00,3452.5
2025-06-16T00:00:00,3451.28
2025-06-17T00:00:00,3403.37
2025-06-18T00:00:00,3400.04
2025-06-19T00:00:00,3388.02
2025-06-20T00:00:00,3374.51
2025-06-21T00:00:00,3368.75
2025-06-22T00:00:00,3398.35
2025-06-23T00:00:00,3393.56
2025-06-24T00:00:00,3357.85
2025-06-25T00:00:00,3350.415
2025-06-26T00:00:00,3350.34
2025-06-27T00:00:00,3322.1
2025-06-28T00:00:00,3274.8
2025-06-29T00:00:00,3286.0801
2025-06-30T00:00:00,3358.085
2025-07-01T00:00:00,3358.02
2025-07-02T00:00:00,3366.3201
2025-07-03T00:00:00,3363.72
2025-07-04T00:00:00,3345.49
2025-07-05T00:00:00,3337.9299
2025-07-06T00:00:00,3344.0601
2025-07-07T00:00:00,3345.78
2025-07-08T00:00:00,3339.51
2025-07-09T00:00:00,3321.6899
2025-07-10T00:00:00,3330.95
2025-07-11T00:00:00,3368.75
2025-07-12T00:00:00,3356.8799
2025-07-13T00:00:00,3374.5
2025-07-14T00:00:00,3375.6001
2025-07-15T00:00:00,3366.6001
2025-07-16T00:00:00,3377.48
2025-07-17T00:00:00,3347.4
2025-07-18T00:00:00,3361.27
2025-07-19T00:00:00,3350.7
2025-07-20T00:00:00,3350.7
2025-07-21T00:00:00,3403.0
2025-07-22T00:00:00,3434.2
2025-07-23T00:00:00,3438.92
2025-07-24T00:00:00,3393.42
2025-07-25T00:00:00,3374.1001
2025-07-26T00:00:00,3338.0
2025-07-27T00:00:00,3338.0
2025-07-28T00:00:00,3345.35
2025-07-29T00:00:00,3334.12
2025-07-30T00:00:00,3334.8
2025-07-31T00:00:00,3315.2
2025-08-01T00:00:00,3364.0
2025-08-02T00:00:00,3363.5
2025-08-03T00:00:00,3369.085
2025-08-04T00:00:00,3386.0
2025-08-05T00:00:00,3391.1001
2025-08-06T00:00:00,3385.42
2025-08-07T00:00:00,3409.04
2025-08-08T00:00:00,3404.52
2025-08-09T00:00:00,3399.6001
2025-08-10T00:00:00,3405.21
2025-08-11T00:00:00,3392.2
2025-08-12T00:00:00,3359.23
2025-08-13T00:00:00,3370.77
2025-08-14T00:00:00,3375.1001
2025-08-15T00:00:00,3349.3999
2025-08-16T00:00:00,3336.8999
2025-08-17T00:00:00,3339.5
2025-08-18T00:00:00,3358.6001
2025-08-19T00:00:00,3345.35
2025-08-20T00:00:00,3352.3
2025-08-21T00:00:00,3348.7
2025-08-22T00:00:00,3379.1001
2025-08-23T00:00:00,3373.3
2025-08-24T00:00:00,3373.3
2025-08-25T00:00:00,3376.8
2025-08-26T00:00:00,3395.0
2025-08-27T00:00:00,3399.8999
2025-08-28T00:00:00,3423.8
2025-08-29T00:00:00,3454.2
2025-08-30T00:00:00,3448.7
2025-08-31T00:00:00,3453.5
2025-09-01T00:00:00,3489.852
2025-09-02T00:00:00,3540.7
2025-09-03T00:00:00,3579.2
2025-09-04T00:00:00,3563.5
2025-09-05T00:00:00,3600.6001
2025-09-06T00:00:00,3587.3
2025-09-07T00:00:00,3596.791
2025-09-08T00:00:00,3646.7
2025-09-09T00:00:00,3674.78
2025-09-10T00:00:00,3657.8
2025-09-11T00:00:00,3649.13
2025-09-12T00:00:00,3657.6001
2025-09-13T00:00:00,3643.8999
2025-09-14T00:00:00,3647.0
2025-09-15T00:00:00,3686.0
2025-09-16T00:00:00,3703.13
2025-09-17T00:00:00,3707.7
2025-09-18T00:00:00,3673.07
2025-09-19T00:00:00,3686.3
2025-09-20T00:00:00,3686.0
2025-09-21T00:00:00,3692.8
2025-09-22T00:00:00,3750.1001
2025-09-23T00:00:00,3791.08
2025-09-24T00:00:00,3780.0
2025-09-25T00:00:00,3762.1001
2025-09-26T00:00:00,3784.0
2025-09-27T00:00:00,3760.7
2025-09-28T00:00:00,3772.8999
2025-09-29T00:00:00,3835.0
2025-09-30T00:00:00,3872.3
2025-10-01T00:00:00,3896.0
2025-10-02T00:00:00,3897.0
2025-10-03T00:00:00,3891.64
2025-10-04T00:00:00,3887.0
2025-10-05T00:00:00,3920.77
2025-10-06T00:00:00,3976.3
2025-10-07T00:00:00,3996.8
2025-10-08T00:00:00,4060.0
2025-10-09T00:00:00,4058.6001
2025-10-10T00:00:00,4022.901
2025-10-11T00:00:00,4018.3999
2025-10-12T00:00:00,4060.05
2025-10-13T00:00:00,4132.8999
2025-10-14T00:00:00,4180.2998
2025-10-15T00:00:00,4218.5
2025-10-16T00:00:00,4380.79
2025-10-17T00:00:00,4379.2998
2025-10-18T00:00:00,4252.7998
2025-10-19T00:00:00,4274.8
2025-10-20T00:00:00,4381.6001
2025-10-21T00:00:00,4372.35
2025-10-22T00:00:00,4161.6001
2025-10-23T00:00:00,4155.5
2025-10-24T00:00:00,4144.36
2025-10-25T00:00:00,4113.2002
2025-10-26T00:00:00,4113.2002
2025-10-27T00:00:00,4097.81
2025-10-28T00:00:00,4020.0
2025-10-29T00:00:00,4030.3
2025-10-30T00:00:00,4046.252
2025-10-31T00:00:00,4039.29
2025-11-01T00:00:00,4003.1001
2025-11-02T00:00:00,4003.1001
2025-11-03T00:00:00,4029.3999
2025-11-04T00:00:00,4001.3999
2025-11-05T00:00:00,3991.1001
2025-11-06T00:00:00,4020.2
2025-11-07T00:00:00,4027.3
2025-11-08T00:00:00,4001.6001
2025-11-09T00:00:00,4012.5
2025-11-10T00:00:00,4123.2998
2025-11-11T00:00:00,4149.7998
2025-11-12T00:00:00,4210.6001
2025-11-13T00:00:00,4239.7002
2025-11-14T00:00:00,4211.0
2025-11-15T00:00:00,4082.7
2025-11-16T00:00:00,4107.0
2025-11-17T00:00:00,4102.5
2025-11-18T00:00:00,4082.8
2025-11-19T00:00:00,4133.6001
2025-11-20T00:00:00,4110.5
2025-11-21T00:00:00,4101.1001
2025-11-22T00:00:00,4066.2
2025-11-23T00:00:00,4077.8
2025-11-24T00:00:00,4144.6001
2025-11-25T00:00:00,4158.2002
2025-11-26T00:00:00,4174.0
2025-11-27T00:00:00,4168.0
2025-11-28T00:00:00,4226.5
2025-11-29T00:00:00,4220.3999
2025-11-30T00:00:00,4230.5
2025-12-01T00:00:00,4264.7002
2025-12-02T00:00:00,4231.5
2025-12-03T00:00:00,4241.7002
2025-12-04T00:00:00,4220.0
2025-12-05T00:00:00,4258.6001
2025-12-06T00:00:00,4199.2998
2025-12-07T00:00:00,4205.6001
2025-12-08T00:00:00,4219.3999
2025-12-09T00:00:00,4220.6001
2025-12-10T00:00:00,4237.3999
2025-12-10T14:59:03,4195.600098
2025-12-10T19:51:03,4193.0
2025-12-10T19:57:04,4209.799805
2025-12-10T20:27:04,4233.700195
2025-12-10T20:32:04,4233.5
2025-12-10T20:34:04,4234.700195
2025-12-10T20:36:04,4234.600098
2025-12-10T20:54:04,4232.600098
2025-12-10T21:11:03,4228.200195
2025-12-10T21:19:03,4229.100098
2025-12-10T21:24:03,4228.5
2025-12-10T21:31:03,4227.399902
2025-12-10T22:13:04,4229.5
2025-12-11T00:00:00,4286.7998
2025-12-11T10:05:04,4223.299805
2025-12-11T11:14:04,4217.700195
2025-12-12T00:00:00,4353.2998
2025-12-13T00:00:00,4300.7002
2025-12-14T00:00:00,4308.6001
2025-12-14T16:21:07,4300.700195
2025-12-14T16:35:07,4300.700195
2025-12-14T18:41:07,4300.700195
2025-12-14T21:50:08,4300.700195
2025-12-15T00:00:00,4350.7002
2025-12-16T00:00:00,4335.6001
2025-12-17T00:00:00,4349.2002
2025-12-18T00:00:00,4374.5
2025-12-19T00:00:00,4357.1001
2025-12-20T00:00:00,4339.7002
2025-12-21T00:00:00,4357.0
2025-12-22T00:00:00,4462.1001
2025-12-23T00:00:00,4510.2002
2025-12-24T00:00:00,4525.2002
2025-12-25T00:00:00,4500.6001
2025-12-26T00:00:00,4550.7998
2025-12-27T00:00:00,4535.0
2025-12-28T00:00:00,4546.2998
2025-12-28T23:27:36,4538.799805
2025-12-28T23:35:36,4536.700195
2025-12-28T23:36:43,4537.399902
2025-12-28T23:50:36,4531.799805
2025-12-29T00:00:00,4525.7002
2025-12-29T00:08:37,4523.600098
2025-12-29T00:25:44,4496.0
2025-12-29T00:30:40,4485.200195
2025-12-29T18:24:37,4329.399902
2025-12-29T18:31:38,4329.899902
2025-12-29T18:33:38,4331.299805
2025-12-29T18:37:37,4331.5
2025-12-29T18:42:37,4332.899902
2025-12-29T19:03:37,4330.299805
2025-12-29T19:14:37,4332.399902
2025-12-29T19:44:37,4333.600098
2025-12-29T19:59:37,4337.600098
2025-12-29T20:06:37,4344.799805
2025-12-29T20:43:37,4330.600098
2025-12-29T20:52:37,4335.299805
2025-12-29T21:39:37,4331.0
2025-12-29T21:46:37,4332.700195
2025-12-30T00:00:00,4391.7998
2025-12-30T12:45:38,4401.100098
2025-12-31T03:55:38,4347.799805
2026-01-01T04:05:39,4319.600098
2026-01-02T03:58:49,4374.700195
2026-01-03T03:49:50,4332.299805
